{
    "strategy": "MACD",
    "model_pickle": "ova_macd_20241211_14-08--59.pkl",
    "scaler_pickle": "ova_macd_20241211_14-08--59_scaler.pkl",
    "database_class": "STOCK_APP_MACD_DATA",
    "description": "macd one-vs-all classifier model",
    "training date": "20241211_14-08--59",
    "performance metrics": {
        "classification_report": {
            "0": {
                "precision": 0.5656565656565656,
                "recall": 0.224,
                "f1-score": 0.3209169054441261,
                "support": 250.0
            },
            "1": {
                "precision": 0.20725388601036268,
                "recall": 0.39215686274509803,
                "f1-score": 0.2711864406779661,
                "support": 102.0
            },
            "2": {
                "precision": 0.39194139194139194,
                "recall": 0.5023474178403756,
                "f1-score": 0.4403292181069959,
                "support": 213.0
            },
            "accuracy": 0.35929203539823007,
            "macro avg": {
                "precision": 0.38828394786944004,
                "recall": 0.3728347601951579,
                "f1-score": 0.34414418807636266,
                "support": 565.0
            },
            "weighted avg": {
                "precision": 0.43546469782427405,
                "recall": 0.35929203539823007,
                "f1-score": 0.35695640135747647,
                "support": 565.0
            }
        },
        "accuracy": 0.35929203539823007
    }
}