{
    "strategy": "EMA",
    "model_pickle": "ova_ema_20241211_14-08--39.pkl",
    "scaler_pickle": "ova_ema_20241211_14-08--39_scaler.pkl",
    "database_class": "STOCK_APP_EMA_DATA",
    "description": "ema one-vs-all classifier model",
    "training date": "20241211_14-08--39",
    "performance metrics": {
        "classification_report": {
            "0": {
                "precision": 0.3745704467353952,
                "recall": 0.461864406779661,
                "f1-score": 0.41366223908918404,
                "support": 236.0
            },
            "1": {
                "precision": 0.7163958641063516,
                "recall": 0.5921855921855922,
                "f1-score": 0.6483957219251337,
                "support": 819.0
            },
            "2": {
                "precision": 0.3776978417266187,
                "recall": 0.5497382198952879,
                "f1-score": 0.44776119402985076,
                "support": 191.0
            },
            "accuracy": 0.5609951845906902,
            "macro avg": {
                "precision": 0.4895547175227885,
                "recall": 0.5345960729535136,
                "f1-score": 0.5032730516813895,
                "support": 1246.0
            },
            "weighted avg": {
                "precision": 0.599732845828603,
                "recall": 0.5609951845906902,
                "f1-score": 0.5731803954586143,
                "support": 1246.0
            }
        },
        "accuracy": 0.5609951845906902
    }
}