{
    "strategy": "RSI",
    "model_pickle": "ova_rsi_20241211_14-46--54.pkl",
    "scaler_pickle": "ova_rsi_20241211_14-46--54_scaler.pkl",
    "database_class": "STOCK_APP_RSI_DATA",
    "description": "rsi one-vs-all classifier model",
    "training date": "20241211_14-46--54",
    "performance metrics": {
        "classification_report": {
            "0": {
                "precision": 0.5094339622641509,
                "recall": 0.25,
                "f1-score": 0.33540372670807456,
                "support": 216.0
            },
            "1": {
                "precision": 0.2892561983471074,
                "recall": 0.6140350877192983,
                "f1-score": 0.39325842696629215,
                "support": 114.0
            },
            "2": {
                "precision": 0.328125,
                "recall": 0.2876712328767123,
                "f1-score": 0.30656934306569344,
                "support": 146.0
            },
            "accuracy": 0.3487394957983193,
            "macro avg": {
                "precision": 0.3756050535370861,
                "recall": 0.3839021068653368,
                "f1-score": 0.34507716558002005,
                "support": 476.0
            },
            "weighted avg": {
                "precision": 0.4010907404635018,
                "recall": 0.3487394957983193,
                "f1-score": 0.34041552464431235,
                "support": 476.0
            }
        },
        "accuracy": 0.3487394957983193
    }
}