{
    "strategy": "MACD",
    "model_pickle": "ova_macd_20241211_14-46--49.pkl",
    "scaler_pickle": "ova_macd_20241211_14-46--49_scaler.pkl",
    "database_class": "STOCK_APP_MACD_DATA",
    "description": "macd one-vs-all classifier model",
    "training date": "20241211_14-46--49",
    "performance metrics": {
        "classification_report": {
            "0": {
                "precision": 0.5057034220532319,
                "recall": 0.5135135135135135,
                "f1-score": 0.5095785440613027,
                "support": 259.0
            },
            "1": {
                "precision": 0.22279792746113988,
                "recall": 0.4215686274509804,
                "f1-score": 0.29152542372881357,
                "support": 102.0
            },
            "2": {
                "precision": 0.41284403669724773,
                "recall": 0.22058823529411764,
                "f1-score": 0.28753993610223644,
                "support": 204.0
            },
            "accuracy": 0.3911504424778761,
            "macro avg": {
                "precision": 0.3804484620705399,
                "recall": 0.3852234587528705,
                "f1-score": 0.36288130129745083,
                "support": 565.0
            },
            "weighted avg": {
                "precision": 0.42110222725497676,
                "recall": 0.3911504424778761,
                "f1-score": 0.39004350990632314,
                "support": 565.0
            }
        },
        "accuracy": 0.3911504424778761
    }
}