{
    "strategy": "RSI",
    "model_pickle": "ova_rsi_20241211_14-09--05.pkl",
    "scaler_pickle": "ova_rsi_20241211_14-09--05_scaler.pkl",
    "database_class": "STOCK_APP_RSI_DATA",
    "description": "rsi one-vs-all classifier model",
    "training date": "20241211_14-09--05",
    "performance metrics": {
        "classification_report": {
            "0": {
                "precision": 0.3888888888888889,
                "recall": 0.20588235294117646,
                "f1-score": 0.2692307692307692,
                "support": 204.0
            },
            "1": {
                "precision": 0.35080645161290325,
                "recall": 0.6590909090909091,
                "f1-score": 0.45789473684210524,
                "support": 132.0
            },
            "2": {
                "precision": 0.325,
                "recall": 0.2785714285714286,
                "f1-score": 0.3,
                "support": 140.0
            },
            "accuracy": 0.35294117647058826,
            "macro avg": {
                "precision": 0.3548984468339307,
                "recall": 0.3811815635345048,
                "f1-score": 0.3423751686909582,
                "support": 476.0
            },
            "weighted avg": {
                "precision": 0.3595373633324297,
                "recall": 0.35294117647058826,
                "f1-score": 0.3305991222399891,
                "support": 476.0
            }
        },
        "accuracy": 0.35294117647058826
    }
}