{
    "strategy": "EMA",
    "model_pickle": "ova_ema_20241211_14-43--05.pkl",
    "scaler_pickle": "ova_ema_20241211_14-43--05_scaler.pkl",
    "database_class": "STOCK_APP_EMA_DATA",
    "description": "ema one-vs-all classifier model",
    "training date": "20241211_14-43--05",
    "performance metrics": {
        "classification_report": {
            "0": {
                "precision": 0.23148148148148148,
                "recall": 0.22522522522522523,
                "f1-score": 0.228310502283105,
                "support": 111.0
            },
            "1": {
                "precision": 0.7375415282392026,
                "recall": 0.5150812064965197,
                "f1-score": 0.6065573770491803,
                "support": 431.0
            },
            "2": {
                "precision": 0.21962616822429906,
                "recall": 0.5802469135802469,
                "f1-score": 0.31864406779661014,
                "support": 81.0
            },
            "accuracy": 0.47191011235955055,
            "macro avg": {
                "precision": 0.39621639264832775,
                "recall": 0.44018444843399723,
                "f1-score": 0.3845039823762985,
                "support": 623.0
            },
            "weighted avg": {
                "precision": 0.5800394265516998,
                "recall": 0.47191011235955055,
                "f1-score": 0.5017317251254363,
                "support": 623.0
            }
        },
        "accuracy": 0.47191011235955055
    }
}