{
    "strategy": "MACD",
    "model_pickle": "ova_macd_20241212_17-30--37.pkl",
    "scaler_pickle": "ova_macd_20241212_17-30--37_scaler.pkl",
    "database_class": "STOCK_APP_MACD_DATA",
    "description": "macd one-vs-all classifier model",
    "training date": "20241212_17-30--37",
    "performance metrics": {
        "classification_report": {
            "0": {
                "precision": 0.4787234042553192,
                "recall": 0.33210332103321033,
                "f1-score": 0.39215686274509803,
                "support": 271.0
            },
            "1": {
                "precision": 0.2904761904761905,
                "recall": 0.5041322314049587,
                "f1-score": 0.3685800604229607,
                "support": 121.0
            },
            "2": {
                "precision": 0.3417085427135678,
                "recall": 0.33170731707317075,
                "f1-score": 0.33663366336633666,
                "support": 205.0
            },
            "accuracy": 0.36683417085427134,
            "macro avg": {
                "precision": 0.3703027124816925,
                "recall": 0.3893142898371133,
                "f1-score": 0.36579019551146513,
                "support": 597.0
            },
            "weighted avg": {
                "precision": 0.3935207920554304,
                "recall": 0.36683417085427134,
                "f1-score": 0.36831255964019904,
                "support": 597.0
            }
        },
        "accuracy": 0.36683417085427134
    }
}